title,url
FIA post-race press conference – Mexico City,https://www.formula1.com/en/latest/article/fia-post-race-press-conference-mexico-city-2025.4yZui97EXlHxS2tunEETA9
FIA post-Qualifying press conference – Mexico City,https://www.formula1.com/en/latest/article/fia-post-qualifying-press-conference-mexico-city-2025.5gRtfI32rHjJEhvByySDUm
FIA Team Principals press conference – Mexico City,https://www.formula1.com/en/latest/article/fia-team-principals-press-conference-mexico-city-2025.KTiBKQHBu1AViFWiEckzj
FIA Thursday press conference – Mexico City,https://www.formula1.com/en/latest/article/fia-thursday-press-conference-mexico-city.6VIjJvQlsKfiOPdD7z1gmB
FIA post-race press conference – United States,https://www.formula1.com/en/latest/article/fia-post-race-press-conference-united-states-2025.k62eOTHeczicaZ7DGuMEb
FIA post-Qualifying press conference – United States,https://www.formula1.com/en/latest/article/fia-post-qualifying-press-conference-united-states-2025.4fWyoI5rIUEN7jfMqjiP7z
FIA post-Sprint press conference – United States,https://www.formula1.com/en/latest/article/fia-post-sprint-press-conference-united-states-2025.2G11FkJhHiXkbSYUeq3KBU
FIA Team Principals press conference – United States,https://www.formula1.com/en/latest/article/fia-team-principals-press-conference-united-states-2025.40pmyVrmRgmyUEFzDLXwdc
FIA Thursday press conference – United States,https://www.formula1.com/en/latest/article/fia-thursday-press-conference-united-states-2025.7fE2BoFV8Tp1vfDLYQwYm3
FIA post-race press conference – Singapore,https://www.formula1.com/en/latest/article/fia-post-race-press-conference-singapore-2025.6cSokDIkYn6tqQH9C3SK9D
FIA post-Qualifying press conference – Singapore,https://www.formula1.com/en/latest/article/fia-post-qualifying-press-conference-singapore-2025.AUBUFrqBBCD4WaJdAlS58
FIA Team Principals press conference – Singapore,https://www.formula1.com/en/latest/article/fia-team-principals-press-conference-singapore-2025.6RmvoRPJaJxo2ejjjcsacy
FIA Thursday press conference – Singapore,https://www.formula1.com/en/latest/article/fia-thursday-press-conference-singapore-2025.6Dbh5QvG0MW9nuopMBk0xh
FIA post-race press conference – Azerbaijan,https://www.formula1.com/en/latest/article/fia-post-race-press-conference-azerbaijan-2025.4rCggNWCf1Rt6jXFuEgXWO
FIA post-Qualifying press conference – Azerbaijan,https://www.formula1.com/en/latest/article/fia-post-qualifying-press-conference-azerbaijan-2025.1k6wx88rW8Rj5Z7fFiVTNU
FIA Team Principals press conference – Azerbaijan,https://www.formula1.com/en/latest/article/fia-team-principals-press-conference-azerbaijan-2025.2oalL7X5UL329COAYAaUbw
FIA Thursday press conference – Italy,https://www.formula1.com/en/latest/article/fia-thursday-press-conference-italy-2025.36KkLgO7mEy0AoC73Tl5Yc
FIA post-race press conference – Netherlands,https://www.formula1.com/en/latest/article/fia-post-race-press-conference-netherlands-2025.1HvwxATKFNuoqK1zTZt9eA
FIA post-Qualifying press conference – Netherlands,https://www.formula1.com/en/latest/article/fia-post-qualifying-press-conference-netherlands-2025.1VghhGtYPu0hOPKhrakeGi
FIA Team Principals press conference – Netherlands,https://www.formula1.com/en/latest/article/fia-team-principals-press-conference-netherlands-2025.4zScZvffIOfno52LAcjv9i
FIA Thursday press conference – Netherlands,https://www.formula1.com/en/latest/article/fia-thursday-press-conference-netherlands-2025.2PB35YPshPC4ZX2S5zXWe9
FIA post-race press conference – Hungary,https://www.formula1.com/en/latest/article/fia-post-race-press-conference-hungary-2025.4DPJYmMirmlEWw9fIWG8XM
FIA post-Qualifying press conference – Hungary,https://www.formula1.com/en/latest/article/fia-post-qualifying-press-conference-hungary-2025.4R86TfkS3Ce0xxNQ7thj2M
FIA Team Principals press conference – Hungary,https://www.formula1.com/en/latest/article/fia-team-principals-press-conference-hungary-2025.5IXVGgx98tspTXBrRDe9Q7
FIA Thursday press conference – Hungary,https://www.formula1.com/en/latest/article/fia-thursday-press-conference-hungary-2025.3cEBj0HMlGdKU7xSZ7wzkE
FIA post-race press conference – Belgium,https://www.formula1.com/en/latest/article/fia-post-race-press-conference-belgium-2025.y0vFwdD9x9quihwp1UMgs
FIA post-Qualifying press conference – 2025 Belgium Grand Prix,https://www.formula1.com/en/latest/article/fia-post-qualifying-press-conference-belgium-2025.2Oj55uFymQeu7BI1qYuqms
FIA post-Sprint press conference – Belgium,https://www.formula1.com/en/latest/article/fia-post-sprint-press-conference-belgium-2025.4uDhQT7hoz4SddPhttZs21
FIA Team Principals press conference – Belgium,https://www.formula1.com/en/latest/article/fia-team-principals-press-conference-belgium-2025.53c8QJqWcOJGvahkBiVlyO
FIA Thursday press conference – Belgium,https://www.formula1.com/en/latest/article/fia-thursday-press-conference-belgium-2025.2dqX5aUFmubbc3kyWU7ZQq
FIA post-race press conference – Great Britain,https://www.formula1.com/en/latest/article/fia-post-race-press-conference-great-britain-2025.18uAw6y5oKmrukGuv5yd9e
FIA post-Qualifying press conference – Great Britain,https://www.formula1.com/en/latest/article/fia-post-qualifying-press-conference-great-britain-2025.4bq0Ee5EslMbKPpkBaVXmy
FIA Team Principals press conference – Great Britain,https://www.formula1.com/en/latest/article/fia-team-principals-press-conference-great-britain-2025.tXHbnCoRbGsrTMLWRcpiy
FIA Thursday press conference – Great Britain,https://www.formula1.com/en/latest/article/fia-thursday-press-conference-great-britain-2025.16dIcQBuzQwY3W78rKWUon
FIA post-race press conference – Austria,https://www.formula1.com/en/latest/article/fia-post-race-press-conference-austria-2025.JFncBFWHRk1NWVrAdl4EJ
FIA post-Qualifying press conference – Austria,https://www.formula1.com/en/latest/article/fia-post-qualifying-press-conference-austria-2025.7cOzLWmQu2zan3u4xQtbCB
FIA Team Principals press conference – Austria,https://www.formula1.com/en/latest/article/fia-team-principals-press-conference-austria-2025.6JgcC5PHqMm3ez57NMJfuA
FIA Thursday press conference – 2025 Austrian Grand Prix,https://www.formula1.com/en/latest/article/fia-thursday-press-conference-austria-2025.OeghpSyf4JwF9sGkCcyKH
FIA post-race press conference – Canada,https://www.formula1.com/en/latest/article/fia-post-race-press-conference-canada-2025.14XAHuBcUEufn4lpd8aC02
FIA post-Qualifying press conference – Canada,https://www.formula1.com/en/latest/article/fia-post-qualifying-press-conference-canada-2025.1ospcxvdTCjn5EzpFFWnjY
FIA Team Principals press conference – Canada,https://www.formula1.com/en/latest/article/fia-team-principals-press-conference-canada-2025.3mpOmjLZBmbGmvkynfJwvB
FIA Thursday press conference – Canada,https://www.formula1.com/en/latest/article/fia-thursday-press-conference-canada-2025.4LOEGATE2WnhwMhFQh4FMw
FIA post-race press conference – Spain,https://www.formula1.com/en/latest/article/fia-post-race-press-conference-spain-2025.2Hz3rOMddCLDOAAUcKseNG
FIA post-Qualifying press conference – Spain,https://www.formula1.com/en/latest/article/fia-post-qualifying-press-conference-spain-2025.2ScKTxmXBrN7bbAwZ9m9zV
FIA Team Principals press conference – Spain,https://www.formula1.com/en/latest/article/fia-team-principals-press-conference-spain-2025.5yEWfITcqGoxMQgKGZXMuV
FIA Thursday press conference – Spain,https://www.formula1.com/en/latest/article/fia-thursday-press-conference-spain-2025.2wUYwwg7blw7AZHqx7E2sw
FIA post-race press conference – Monaco,https://www.formula1.com/en/latest/article/fia-post-race-press-conference-monaco-2025.357o2N7u3Ctl3dxfDpkvcs
FIA post-Qualifying press conference – Monaco,https://www.formula1.com/en/latest/article/fia-post-qualifying-press-conference-monaco-2025.62Vn4nbP8IHK3sU1QniLoa
FIA Team Principals press conference – Monaco,https://www.formula1.com/en/latest/article/fia-team-principals-press-conference-monaco-2025.6buoq1FzvcOj5le1mC2W5
FIA Thursday press conference – Monaco,https://www.formula1.com/en/latest/article/fia-thursday-press-conference-monaco-2025.7tSTLQo7J0iICWE1GtixUc
FIA post-race press conference – Emilia-Romagna,https://www.formula1.com/en/latest/article/fia-post-race-press-conference-emilia-romagna-2025.5kMrPN0ojU32rK6AjcvvlY
FIA post-Qualifying press conference – Emilia-Romagna,https://www.formula1.com/en/latest/article/fia-post-qualifying-press-conference-emilia-romagna-2025.2dsGXKdAxXubeFiGxqWQbq
FIA Team Principals press conference – Emilia-Romagna,https://www.formula1.com/en/latest/article/fia-team-principals-press-conference-emilia-romagna-2025.31mkL5F2RvMohRIx0cpNy4
FIA Thursday press conference – Emilia-Romagna,https://www.formula1.com/en/latest/article/fia-thursday-press-conference-emilia-romagna-2025.4EF0llxwXDasDqbv4hW2nV
FIA post-race press conference – Miami,https://www.formula1.com/en/latest/article/fia-post-race-press-conference-miami-2025.62gotxQ4K8L8Mtj0aJekP5
FIA post-Qualifying press conference – Miami,https://www.formula1.com/en/latest/article/fia-post-qualifying-press-conference-miami-2025.6ydnAaP7aUtBQHkiCX0wJU
FIA post-Sprint press conference – Miami,https://www.formula1.com/en/latest/article/fia-post-sprint-press-conference-miami-2025.60GcO0MJxIGHwTlgwTvjpR
FIA Team Principals press conference – Miami,https://www.formula1.com/en/latest/article/fia-team-principals-press-conference-miami-2025.2hTmquVIg35qTxQEhJ7RPb
FIA Thursday press conference – Miami,https://www.formula1.com/en/latest/article/fia-thursday-press-conference-miami-2025.517J82trF86bsKWcTGMeF
FIA post-race press conference – Saudi Arabia,https://www.formula1.com/en/latest/article/fia-post-race-press-conference-saudi-arabia-2025.Jv3AYDrIU0olmzgzNCj89
FIA post-Qualifying press conference – Saudi Arabia,https://www.formula1.com/en/latest/article/fia-psot-qualifying-press-conference-saudi-arabia-2025.67WfhDJEuIk810qKm8fdcO
FIA Team Principals press conference – Saudi Arabia,https://www.formula1.com/en/latest/article/fia-team-principals-press-conference-saudi-arabia-2025.4mq2ukdZsBQepdRYcdfGpf
FIA Thursday press conference – Saudi Arabia,https://www.formula1.com/en/latest/article/fia-thursday-press-conference-saudi-arabia-2025.3pBeNmUWt3WjHvIZMUdGKx
FIA post-race press conference – Bahrain,https://www.formula1.com/en/latest/article/fia-post-race-press-conference-bahrain-2025.6C2Dpih9K7lsrAZaNWnbOn
FIA post-Qualifying press conference – Bahrain,https://www.formula1.com/en/latest/article/fia-post-qualifying-press-conference-bahrain-2025.3EPojq7ntJ3LK28Dvios1U
FIA Team Principals press conference – Bahrain,https://www.formula1.com/en/latest/article/fia-team-principals-press-conference-bahrain-2025.1jLNc9y3UeKKTetwlHeMjg
FIA Thursday press conference – Bahrain,https://www.formula1.com/en/latest/article/fia-thursday-press-conference-bahrain-2025.6IZ4T9v6bhSQ2pjbXjI15o
FIA post-race press conference – Japan,https://www.formula1.com/en/latest/article/fia-post-race-press-conference-japan-2025.33MgCyF530jJCcHZ1T43Ab
FIA post-Qualifying press conference – Japan,https://www.formula1.com/en/latest/article/fia-post-qualifying-press-conference-japan-2025.7BJUeh0E0XFdtHpLX7yx40
FIA Team Principals press conference – Japan,https://www.formula1.com/en/latest/article/fia-team-principals-press-conference-japan-2025.3FGa1xbyPdrRS3Qipf30Ff
FIA Thursday press conference – Japan,https://www.formula1.com/en/latest/article/fia-thursday-press-conference-japan-2025.7gEI3rBCfm2oNGuUXmV3Hg
FIA post-race press conference – China,https://www.formula1.com/en/latest/article/fia-post-race-press-conference-china-2025.7L6p9feNaLye4zXwv4QhzA
FIA post-Qualifying press conference – China,https://www.formula1.com/en/latest/article/fia-post-qualifying-press-conference-china-2025.3khclYWp25Lcioj4MrHzH5
FIA post-Sprint press conference – China,https://www.formula1.com/en/latest/article/fia-post-sprint-press-conference-china-2025.WvDudsodXs9UCbMPzgfrf
FIA Team Principals press conference – China,https://www.formula1.com/en/latest/article/fia-team-principals-press-conference-china-2025.6hbT5gTpyPV5PzCGXW12LO
FIA Thursday press conference – China,https://www.formula1.com/en/latest/article/fia-thursday-press-conference-china-2025.100rVxKiJRVGOWVEmyOxw7
FIA post-race press conference – Australia,https://www.formula1.com/en/latest/article/fia-post-race-press-conference-australia-2025.1638B6Cj4KD8xc21TCqQn8
FIA Team Principals press conference – Australia,https://www.formula1.com/en/latest/article/fia-team-principals-press-conference-australia-2025.2eLgu89020xqJbqRjRo2Fu
FIA post-qualifying press conference – Australia,https://www.formula1.com/en/latest/article/fia-post-qualifying-press-conference-australia-2025.5ocGk66Q0UGIux4Tpny1vt
FIA Thursday press conference – Australia,https://www.formula1.com/en/latest/article/fia-thursday-press-conference-australia-2025.7h4aZ2QyCNmGG0VhktKChf
FIA post-race press conference – Abu Dhabi,https://www.formula1.com/en/latest/article/fia-post-race-press-conference-abu-dhabi-2024.wLeizjHq7nElulnTbELOA
FIA post-qualifying press conference – Abu Dhabi,https://www.formula1.com/en/latest/article/fia-post-qualifying-press-conference-abu-dhabi-2024.2qJg0jAhhwEIxMYZ5AaSFl
FIA Team Principals press conference – Abu Dhabi,https://www.formula1.com/en/latest/article/fia-team-principals-press-conference-abu-dhabi-2024.9vKL5HSc51lV0ZV4e43gc
FIA Thursday press conference – Abu Dhabi,https://www.formula1.com/en/latest/article/fia-thursday-press-conference-abu-dhabi-2024.56bplQ6toHMwoZZj8t3QI1
FIA post-race press conference – Qatar,https://www.formula1.com/en/latest/article/fia-post-race-press-conference-qatar-2024.2wtb3Zqsoo1JPbvUr1leaq
FIA post-qualifying press conference – Qatar,https://www.formula1.com/en/latest/article/fia-post-qualifying-press-conference-qatar-2024.74bIB0O10UushilsRTgd1v
FIA post-Sprint press conference – Qatar,https://www.formula1.com/en/latest/article/fia-post-sprint-press-conference-qatar.4VI5AoP7XC1MoZSYOO3x31
FIA Team Principals press conference – Qatar,https://www.formula1.com/en/latest/article/fia-team-principals-press-conference-qatar-2024.470AYktUpPq7RSi9BFEZTK
FIA Thursday press conference – Qatar,https://www.formula1.com/en/latest/article/fia-thursday-press-conference-qatar-2024.4pdu0rP4AdoS1Kz3xsyyOZ
FIA post-race press conference – Las Vegas,https://www.formula1.com/en/latest/article/fia-post-race-press-conference-las-vegas-2024.2KTsB2stho1ZXWH5kIZgwe
FIA post-qualifying press conference – Las Vegas,https://www.formula1.com/en/latest/article/fia-post-qualifying-press-conference-las-vegas-2024.6wHO93AocGYP8qUgRysKiw
FIA Team Principals press conference – Las Vegas,https://www.formula1.com/en/latest/article/fia-team-principals-press-conference-las-vegas-2024.6wSBQNGzhSgblg3ddm9MJf
FIA Wednesday press conference – Las Vegas,https://www.formula1.com/en/latest/article/fia-wednesday-press-conference-las-vegas-2024.20YFWmMZuDdNWwk5NIfKIn
FIA post-race press conference – Sao Paulo,https://www.formula1.com/en/latest/article/fia-post-race-press-conference-sao-paulo-2024.27Sn55ZjdhcjtCYCYFo3mB
FIA post-qualifying press conference – Sao Paulo,https://www.formula1.com/en/latest/article/fia-post-qualifying-press-conference-sao-paulo-2024.1DNuxNeTlJrHOQPoqukdHz
FIA post-Sprint press conference – Sao Paulo,https://www.formula1.com/en/latest/article/fia-post-sprint-press-conference-sao-paulo-2024.CyMdl0GzfuZbciWwaE5XH
FIA Team Principals press conference – Sao Paulo,https://www.formula1.com/en/latest/article/fia-team-principals-press-conference-sao-paulo-2024.6iyZWS6dNmpGQLmPJSPCNM
FIA Thursday press conference – Sao Paulo,https://www.formula1.com/en/latest/article/fia-thursday-press-conference-sao-paulo-2024.5cMlABnf74fowzFRKKrbjw
FIA post-race press conference – Mexico City,https://www.formula1.com/en/latest/article/fia-post-race-press-conference-mexico-city-2024.eKjef2rEcHqkgBkRujgkM
FIA post-qualifying press conference – Mexico City,https://www.formula1.com/en/latest/article/fia-post-qualifying-press-conference-mexico-city-2024.6sYTGSMPx84uBOdOc1xc4y
FIA Team Principals press conference – Mexico City,https://www.formula1.com/en/latest/article/fia-team-principals-press-conference-mexico-city-2024.4dqEf7tMVwGdWuBN38mBGa
FIA Thursday press conference – Mexico City,https://www.formula1.com/en/latest/article/fia-thursday-press-conference-mexico-city-2024.49iFQB0uDfPLJLDAlgysCS
FIA post-race press conference – United States,https://www.formula1.com/en/latest/article/fia-post-race-press-conference-united-states-2024.6bape3aaXMWQkF88FPxrnT
FIA post-qualifying press conference – United States,https://www.formula1.com/en/latest/article/fia-post-qualifying-press-conference-united-states-2024.7K9NPtQ7aipyu6mGP2sxRd
FIA post-Sprint press conference – United States,https://www.formula1.com/en/latest/article/fia-post-sprint-press-conference-united-states-2024.5dZfrKHGG8npgNOhNlS1q2
FIA Team Principals press conference – United States,https://www.formula1.com/en/latest/article/fia-friday-press-conference-united-states-2024.5rQf70AhTpYivwpNtJqtkv
FIA Thursday press conference – United States,https://www.formula1.com/en/latest/article/fia-thursday-press-conference-united-states-2024.uVqtpch9l377ruklk0HoI
FIA post-race press conference – Singapore,https://www.formula1.com/en/latest/article/fia-post-race-press-conference-singapore-2024.6xwwidgqmyWyCfsFbUffk5
